name,year,mileage,price
Toyota Camry 2.4 AT,2006,162000км,865000₽
Toyota Camry 2.4 AT,2010,179514км,965000₽
Toyota Camry 2.4 MT,2010,176000км,870000₽
Toyota Camry 2.4 MT,2009,165000км,855000₽
Toyota Camry 2.4 AT,2007,169000км,855000₽
Toyota Camry 2.4 AT,2007,330000км,849000₽
"Toyota Camry 3.5 AT, 2007",,460000км,360000₽
Toyota Camry 2.4 MT,2009,154236км,885000₽
Toyota Camry 2.4 AT,2003,399360км,850000₽
Toyota Camry 2.4 AT,2006,320000км,860000₽
Toyota Camry 1.8 AT,1993,300450км,255000₽
"Toyota Camry 2.4 AT, 2011",,198000км,380000₽
Toyota Camry 2.4 AT,2007,300000км,890000₽
Toyota Camry 3.5 AT,2011,390000км,950000₽
Toyota Camry 2.4 AT,2006,434000км,970000₽
Toyota Camry 2.4 AT,2004,349200км,660000₽
Toyota Camry 2.4 AT,2008,197651км,785000₽
Toyota Camry 2.4 AT,2008,250000км,920000₽
Toyota Camry 2.4 MT,2006,339527км,989000₽
"Toyota Camry 3.5 AT, 2019",,108500км,850000₽
Toyota Camry 2.4 AT,2009,325000км,999000₽
Toyota Camry 2.4 MT,2004,170333км,780000₽
Toyota Camry 2.4 AT,2007,360000км,860000₽
Toyota Camry 2.2 AT,1993,200000км,490000₽
Toyota Camry 2.4 AT,2006,286000км,920000₽
Toyota Camry 3.5 AT,2009,270601км,950000₽
Toyota Camry 2.4 MT,2005,312000км,720000₽
Toyota Camry 2.4 AT,2006,295000км,1000000₽
Toyota Camry 2.4 AT,2006,256942км,770000₽
Toyota Camry 2.4 AT,2006,348833км,840000₽
Toyota Camry 2.0 AT,1997,330000км,299000₽
Toyota Camry 2.4 MT,2003,190000км,690000₽
Toyota Camry 3.5 AT,2008,365205км,868000₽
Toyota Camry 2.4 AT,2004,373600км,867000₽
Toyota Camry 2.2 MT,1991,248850км,250000₽
Toyota Camry 2.4 AT,2008,313668км,925000₽
Toyota Camry 2.4 AT,2007,250000км,980000₽
"Toyota Camry 2.5 AT, 2012",,178000км,430000₽
Toyota Camry 3.5 AT,2006,274000км,1000000₽
Toyota Camry 2.4 AT,2004,271156км,645000₽
Toyota Camry 2.4 AT,2005,316000км,900000₽
Toyota Camry 2.4 AT,2008,340000км,959000₽
Toyota Camry 2.4 AT,2011,532690км,910000₽
"Toyota Camry 2.4 AT, 2003",,169000км,700000₽
"Toyota Camry 2.2 AT, 1999",,338000км,260000₽
Toyota Camry 2.0 AT,1990,357000км,149999₽
Toyota Camry 2.4 AT,2003,355227км,749000₽
Toyota Camry 3.5 AT,2008,316140км,717000₽
Toyota Camry 2.4 AT,2008,473456км,785000₽
Toyota Camry 2.4 AT,2003,420000км,750000₽
Toyota Camry 3.5 AT,2006,163000км,725000₽
Toyota Camry 2.4 AT,2007,310000км,960000₽
Toyota Camry 3.0 AT,1997,331000км,420000₽
Toyota Camry 3.0 AT,2002,280000км,950000₽
Toyota Camry 3.0 AT,2001,650000км,468000₽
Toyota Camry 2.4 AT,2004,218000км,950000₽
Toyota Camry 2.4 AT,2006,410000км,1000000₽
"Toyota Camry 3.5 AT, 2007",,460000км,360000₽
Toyota Camry 3.0 AT,2003,506000км,799000₽
"Toyota Camry 2.4 MT, 2003",,300000км,500000₽
Toyota Camry 3.5 AT,2011,174526км,899000₽
Toyota Camry 2.4 AT,2007,398000км,820000₽
